0290132B-EB64-4F81-A307-F79A47227259#appfire#SELECT CONCAT(login.coreContacts.firstName, ' : ', abcRequestDetails.ipAddress,  ' : ' , abcRequestDetails.requestId, ' : ',abcRequestDetails.appSessionId ) AS login_corecontacts_firstname,abcRequestDetails.requestId,abcRequestDetails.className,abcRequestDetails.requestTime,abcRequestDetails.requestMethod,abcRequestDetails.httpStatus,abcRequestDetails.returnStatus,abcRequestDetails.executionTime,abcRequestDetails.methodName,abcRequestDetails.startTime,abcRequestDetails.endTime,abcRequestDetails.typeofClass,abcRequestDetails.callSeqId,abcRequestDetails.exceptionId,abcRequestDetails.userId,abcRequestDetails.appSessionId FROM ZenRequestDetails AS abcRequestDetails LEFT OUTER JOIN Login AS login  WHERE    login.user.userId = abcRequestDetails.userId   AND abcRequestDetails.requestTime >= :requestTime   AND abcRequestDetails.requestTime <= :updatedDate  ORDER BY  abcRequestDetails.requestTime DESC ,abcRequestDetails.requestId, abcRequestDetails.callSeqId ASC#appfire#2#appfire#{"where":[{},{"_connIndex":"486986mm-8805-4114-0878-9dn5a9365bd4","_parentIndex":"isWhereRoot","left":{"name":"userId","value":"login.user.userId","valueType":1,"dataType":"VARCHAR","displayName":"User Id","widget":"textfield","alias":"User","placeHolder":"userId","fieldType":"isReference","entConfig":{"name":"User","id":"183ACAE3-FF78-416C-887D-A2D48440B9ED","type":"T","alias":"login.user","initParentAlias":"login","relationType":"11","isEntity":true},"fieldConfig":{"fieldName":"userId","name":"userId","initParentAlias":"login","alias":"login.user.userId","displayName":"User Id","fieldType":"java.lang.String","dataType":"VARCHAR","xtype":"textfield","fieldSize":"64","isPKey":true}},"operator":"=","right":{"name":"userId","value":"abcRequestDetails.userId","valueType":1,"dataType":"VARCHAR","displayName":"userId","widget":"textfield","alias":"AbcRequestDetails","placeHolder":"userId","fieldType":"isReference","entConfig":{"name":"AbcRequestDetails","id":"87DC1ECD-00B5-470C-B928-8D202E16AD08","type":"M","alias":"abcRequestDetails","initParentAlias":"abcRequestDetails"},"fieldConfig":{"fieldName":"userId","name":"userId","initParentAlias":"abcRequestDetails","alias":"abcRequestDetails.userId","displayName":"userId","fieldType":"java.lang.String","dataType":"VARCHAR","xtype":"textfield","fieldSize":"45","isPKey":false}}},{"relation":"AND"},{"_connIndex":"dnm22ab9-am06-4d42-bd38-36cc67c3bcm2","_parentIndex":"isWhereRoot","left":{"name":"requestTime","value":"abcRequestDetails.requestTime","valueType":1,"dataType":"DATETIME","displayName":"Request Time","widget":"datefield","alias":"AbcRequestDetails","placeHolder":"requestTime","fieldType":"isReference","entConfig":{"name":"AbcRequestDetails","id":"87DC1ECD-00B5-470C-B928-8D202E16AD08","type":"M","alias":"abcRequestDetails","initParentAlias":"abcRequestDetails"},"fieldConfig":{"fieldName":"requestTime","name":"requestTime","initParentAlias":"abcRequestDetails","alias":"abcRequestDetails.requestTime","displayName":"Request Time","fieldType":"java.sql.Timestamp","dataType":"DATETIME","xtype":"datefield","fieldSize":"","isPKey":false}},"operator":">=","right":{"name":"requestTime","value":":requestTime","valueType":2,"dataType":"DATETIME","displayName":"Request Time","widget":"datefield","alias":"AbcRequestDetails","placeHolder":"requestTime","fieldType":"isDynamic","entConfig":{"name":"AbcRequestDetails","id":"87DC1ECD-00B5-470C-B928-8D202E16AD08","type":"M","alias":"abcRequestDetails","initParentAlias":"abcRequestDetails"},"fieldConfig":{"fieldName":"requestTime","name":"requestTime","initParentAlias":"abcRequestDetails","alias":"abcRequestDetails.requestTime","displayName":"Request Time","fieldType":"java.sql.Timestamp","dataType":"DATETIME","xtype":"datefield","fieldSize":"","isPKey":false}}},{"relation":"AND"},{"_connIndex":"0m05c4a5-86ca-4398-174c-1902c170a69a","_parentIndex":"isWhereRoot","left":{"name":"requestTime","value":"abcRequestDetails.requestTime","valueType":1,"dataType":"DATETIME","displayName":"Request Time","widget":"datefield","alias":"AbcRequestDetails","placeHolder":"requestTime","fieldType":"isReference","entConfig":{"name":"AbcRequestDetails","id":"87DC1ECD-00B5-470C-B928-8D202E16AD08","type":"M","alias":"abcRequestDetails","initParentAlias":"abcRequestDetails"},"fieldConfig":{"fieldName":"requestTime","name":"requestTime","initParentAlias":"abcRequestDetails","alias":"abcRequestDetails.requestTime","displayName":"Request Time","fieldType":"java.sql.Timestamp","dataType":"DATETIME","xtype":"datefield","fieldSize":"","isPKey":false}},"operator":"<=","right":{"name":"updatedDate","value":":updatedDate","valueType":2,"dataType":"DATETIME","displayName":"updatedDate","widget":"datefield","alias":"entityAudit","placeHolder":"updatedDate","fieldType":"isDynamic","entConfig":{"name":"entityAudit","displayName":"entityAudit","id":"B3487937-37D4-481F-A5C8-E069EFE1ADC608504900113983522","type":"M","alias":"entityAudit","initParentAlias":"abcRequestDetails","parentAlias":"abcRequestDetails"},"fieldConfig":{"fieldName":"updatedDate","name":"updatedDate","initParentAlias":"abcRequestDetails","alias":"abcRequestDetails.entityAudit.updatedDate","displayName":"updatedDate","fieldType":"java.sql.Timestamp","dataType":"DATETIME","xtype":"datefield","fieldSize":"","isPKey":false}}}],"fields":[{"fieldName":"login_corecontacts_firstname","name":"login_corecontacts_firstname","initParentAlias":"login","alias":"login.coreContacts.firstName","displayName":"First Name","fieldType":"java.lang.String","dataType":"VARCHAR","xtype":"textfield","fieldSize":"256","isPKey":false,"customFieldName":"login_corecontacts_firstname","aggregate":"CONCAT"},{"fieldName":"requestId","name":"requestId","initParentAlias":"abcRequestDetails","alias":"abcRequestDetails.requestId","displayName":"Request Id","fieldType":"java.lang.String","dataType":"VARCHAR","xtype":"textfield","fieldSize":"46","isPKey":true},{"fieldName":"className","name":"className","initParentAlias":"abcRequestDetails","alias":"abcRequestDetails.className","displayName":"Class Name","fieldType":"java.lang.String","dataType":"VARCHAR","xtype":"textfield","fieldSize":"150","isPKey":false},{"fieldName":"requestTime","name":"requestTime","initParentAlias":"abcRequestDetails","alias":"abcRequestDetails.requestTime","displayName":"Request Time","fieldType":"java.sql.Timestamp","dataType":"DATETIME","xtype":"datefield","fieldSize":"","isPKey":false},{"fieldName":"requestMethod","name":"requestMethod","initParentAlias":"abcRequestDetails","alias":"abcRequestDetails.requestMethod","displayName":"Request Method","fieldType":"java.lang.String","dataType":"VARCHAR","xtype":"textfield","fieldSize":"45","isPKey":false},{"fieldName":"httpStatus","name":"httpStatus","initParentAlias":"abcRequestDetails","alias":"abcRequestDetails.httpStatus","displayName":"Http Status","fieldType":"java.lang.String","dataType":"VARCHAR","xtype":"textfield","fieldSize":"45","isPKey":false},{"fieldName":"returnStatus","name":"returnStatus","initParentAlias":"abcRequestDetails","alias":"abcRequestDetails.returnStatus","displayName":"Return Status","fieldType":"java.lang.String","dataType":"VARCHAR","xtype":"textfield","fieldSize":"45","isPKey":false},{"fieldName":"executionTime","name":"executionTime","initParentAlias":"abcRequestDetails","alias":"abcRequestDetails.executionTime","displayName":"Execution Time","fieldType":"java.lang.Double","dataType":"DOUBLE","xtype":"numberfield","fieldSize":"21,2","isPKey":false},{"fieldName":"methodName","name":"methodName","initParentAlias":"abcRequestDetails","alias":"abcRequestDetails.methodName","displayName":"Method Name","fieldType":"java.lang.String","dataType":"VARCHAR","xtype":"textfield","fieldSize":"45","isPKey":false},{"fieldName":"startTime","name":"startTime","initParentAlias":"abcRequestDetails","alias":"abcRequestDetails.startTime","displayName":"Start Time","fieldType":"java.sql.Timestamp","dataType":"DATETIME","xtype":"datefield","fieldSize":"","isPKey":false},{"fieldName":"endTime","name":"endTime","initParentAlias":"abcRequestDetails","alias":"abcRequestDetails.endTime","displayName":"End Time","fieldType":"java.sql.Timestamp","dataType":"DATETIME","xtype":"datefield","fieldSize":"","isPKey":false},{"fieldName":"typeofClass","name":"typeofClass","initParentAlias":"abcRequestDetails","alias":"abcRequestDetails.typeofClass","displayName":"Type Of Class","fieldType":"java.lang.String","dataType":"VARCHAR","xtype":"textfield","fieldSize":"11","isPKey":false},{"fieldName":"callSeqId","name":"callSeqId","initParentAlias":"abcRequestDetails","alias":"abcRequestDetails.callSeqId","displayName":"callSeqId","fieldType":"java.lang.Integer","dataType":"INT","xtype":"numberfield","fieldSize":"10","isPKey":false},{"fieldName":"exceptionId","name":"exceptionId","initParentAlias":"abcRequestDetails","alias":"abcRequestDetails.exceptionId","displayName":"exceptionId","fieldType":"java.lang.Integer","dataType":"INT","xtype":"numberfield","fieldSize":"10","isPKey":false},{"fieldName":"userId","name":"userId","initParentAlias":"abcRequestDetails","alias":"abcRequestDetails.userId","displayName":"userId","fieldType":"java.lang.String","dataType":"VARCHAR","xtype":"textfield","fieldSize":"45","isPKey":false},{"fieldName":"appSessionId","name":"appSessionId","initParentAlias":"abcRequestDetails","alias":"abcRequestDetails.appSessionId","displayName":"App Session Id","fieldType":"java.lang.String","dataType":"VARCHAR","xtype":"textfield","fieldSize":"45","isPKey":false}],"inputParams":[{"dataType":"DATETIME","placeHolder":"requestTime","alias":"abcRequestDetails.requestTime","fieldType":"java.sql.Timestamp"},{"dataType":"DATETIME","placeHolder":"updatedDate","alias":"abcRequestDetails.entityAudit.updatedDate","fieldType":"java.sql.Timestamp"}],"joinCondition":[{"_joinId":"8mc11138-c2a0-4b6n-aad5-cccb06c871cn","_uuID":"8mc11138-c2a0-4b6n-aad5-cccb06c871cn","left":{"name":"AbcRequestDetails","id":"87DC1ECD-00B5-470C-B928-8D202E16AD08","type":"M","alias":"abcRequestDetails","initParentAlias":"abcRequestDetails"},"operator":"LEFT OUTER JOIN","right":{"name":"Login","id":"66B6B49B-FD9E-4AB5-8B2A-B5EDA63E627D","type":"T","alias":"login","initParentAlias":"login"},"isJoin":true}]}#appfire#Request Details#appfire#REQUEST DETAILS#appfire#5FDB7C52-3FC5-4DB2-BA9C-4106E6D09662#appfire#GAXOUHJGYGAS0P2YI6VSIG#appfire#1#appfire#0#appfire#2016-04-13 18:27:18.0#appfire#0#appfire#2016-04-13 18:27:18.0#appfire#0#appfire#1#appfire#\N#appfire#0#appfirenewline#073892C6-DC1C-4647-B552-52A50BC5B34F#appfire#SELECT jobType FROM JobType AS jobType 
 WHERE 
  jobType.versionId = 1 
 
 
 #appfire#1#appfire#{"where":[{},{"_connIndex":"ana1n8b6-ancd-42d6-136n-d0d04d2nmn71","_parentIndex":"isWhereRoot","left":{"name":"versionId","value":"jobType.versionId","valueType":1,"dataType":"INT","displayName":"versionId","widget":"numberfield","alias":"JobType","placeHolder":"versionId","fieldType":"isReference","entConfig":{"name":"JobType","id":"F80315E2-8A40-46FF-8E91-CB2B25EC77C9","type":"M","alias":"jobType","initParentAlias":"jobType"},"fieldConfig":{"fieldName":"versionId","name":"versionId","initParentAlias":"jobType","alias":"jobType.versionId","displayName":"versionId","fieldType":"java.lang.Integer","dataType":"INT","xtype":"numberfield","fieldSize":"11","isPKey":false}},"operator":"=","right":{"name":"","value":"1","valueType":3,"dataType":"","displayName":"","widget":"","alias":"","placeHolder":"","fieldType":"isStatic","entConfig":{"name":"JobType","id":"F80315E2-8A40-46FF-8E91-CB2B25EC77C9","type":"M","alias":"jobType","initParentAlias":"jobType"},"fieldConfig":{"fieldName":"versionId","name":"versionId","initParentAlias":"jobType","alias":"jobType.versionId","displayName":"versionId","fieldType":"java.lang.Integer","dataType":"INT","xtype":"numberfield","fieldSize":"11","isPKey":false}}}],"fields":[{"fieldName":"jobDescOne","name":"jobDescOne","initParentAlias":"jobType","alias":"jobType.jobDescOne","displayName":"Job Type","fieldType":"java.lang.String","dataType":"VARCHAR","xtype":"textfield","fieldSize":"256","isPKey":false},{"fieldName":"createdBy","name":"createdBy","initParentAlias":"jobType","alias":"jobType.entityAudit.createdBy","displayName":"createdBy","fieldType":"java.lang.String","dataType":"VARCHAR","xtype":"textfield","fieldSize":"64","isPKey":false},{"fieldName":"createdDate","name":"createdDate","initParentAlias":"jobType","alias":"jobType.entityAudit.createdDate","displayName":"createdDate","fieldType":"java.sql.Timestamp","dataType":"TIMESTAMP","xtype":"datefield","fieldSize":"","isPKey":false},{"fieldName":"updatedBy","name":"updatedBy","initParentAlias":"jobType","alias":"jobType.entityAudit.updatedBy","displayName":"updatedBy","fieldType":"java.lang.String","dataType":"VARCHAR","xtype":"textfield","fieldSize":"64","isPKey":false},{"fieldName":"updatedDate","name":"updatedDate","initParentAlias":"jobType","alias":"jobType.entityAudit.updatedDate","displayName":"updatedDate","fieldType":"java.sql.Timestamp","dataType":"TIMESTAMP","xtype":"datefield","fieldSize":"","isPKey":false},{"fieldName":"activeStatus","name":"activeStatus","initParentAlias":"jobType","alias":"jobType.systemInfo.activeStatus","displayName":"activeStatus","fieldType":"java.lang.Integer","dataType":"INT","xtype":"numberfield","fieldSize":"1","isPKey":false},{"fieldName":"txnAccessCode","name":"txnAccessCode","initParentAlias":"jobType","alias":"jobType.systemInfo.txnAccessCode","displayName":"txnAccessCode","fieldType":"java.lang.Integer","dataType":"INT","xtype":"textfield","fieldSize":"","isPKey":false},{"fieldName":"jobTypeCode","name":"jobTypeCode","initParentAlias":"jobType","alias":"jobType.jobTypeCode","displayName":"JobType Code","fieldType":"java.lang.String","dataType":"VARCHAR","xtype":"textfield","fieldSize":"256","isPKey":true},{"fieldName":"jobDescOne","name":"jobDescOne","initParentAlias":"jobType","alias":"jobType.jobDescOne","displayName":"Job Type","fieldType":"java.lang.String","dataType":"VARCHAR","xtype":"textfield","fieldSize":"256","isPKey":false},{"fieldName":"versionId","name":"versionId","initParentAlias":"jobType","alias":"jobType.versionId","displayName":"versionId","fieldType":"java.lang.Integer","dataType":"INT","xtype":"numberfield","fieldSize":"11","isPKey":false}],"inputParams":[],"joinCondition":[]}#appfire#JobtypeNQ#appfire#JOBTYPENQ#appfire#\N#appfire#GAXOUHJGYGAS0P2YI6VSIG#appfire#1#appfire#0#appfire#2016-04-13 18:27:18.0#appfire#0#appfire#2016-04-13 18:27:18.0#appfire#0#appfire#1#appfire#\N#appfire#0#appfirenewline#13032E72-CA6B-491F-959A-46527D0C51DE#appfire#SELECT jobType FROM JobType AS jobType 
 
 
 
 #appfire#1#appfire#{"where":[],"fields":[{"fieldName":"jobTypeCode","name":"jobTypeCode","initParentAlias":"jobType","alias":"jobType.jobTypeCode","displayName":"JobType Code","fieldType":"java.lang.String","dataType":"VARCHAR","xtype":"textfield","fieldSize":"256","isPKey":true},{"fieldName":"jobDescOne","name":"jobDescOne","initParentAlias":"jobType","alias":"jobType.jobDescOne","displayName":"Job Type","fieldType":"java.lang.String","dataType":"VARCHAR","xtype":"textfield","fieldSize":"256","isPKey":false},{"fieldName":"versionId","name":"versionId","initParentAlias":"jobType","alias":"jobType.versionId","displayName":"versionId","fieldType":"java.lang.Integer","dataType":"INT","xtype":"numberfield","fieldSize":"11","isPKey":false},{"fieldName":"createdBy","name":"createdBy","initParentAlias":"jobType","alias":"jobType.entityAudit.createdBy","displayName":"createdBy","fieldType":"java.lang.String","dataType":"VARCHAR","xtype":"textfield","fieldSize":"64","isPKey":false},{"fieldName":"createdDate","name":"createdDate","initParentAlias":"jobType","alias":"jobType.entityAudit.createdDate","displayName":"createdDate","fieldType":"java.sql.Timestamp","dataType":"TIMESTAMP","xtype":"datefield","fieldSize":"","isPKey":false},{"fieldName":"updatedBy","name":"updatedBy","initParentAlias":"jobType","alias":"jobType.entityAudit.updatedBy","displayName":"updatedBy","fieldType":"java.lang.String","dataType":"VARCHAR","xtype":"textfield","fieldSize":"64","isPKey":false},{"fieldName":"updatedDate","name":"updatedDate","initParentAlias":"jobType","alias":"jobType.entityAudit.updatedDate","displayName":"updatedDate","fieldType":"java.sql.Timestamp","dataType":"TIMESTAMP","xtype":"datefield","fieldSize":"","isPKey":false},{"fieldName":"activeStatus","name":"activeStatus","initParentAlias":"jobType","alias":"jobType.systemInfo.activeStatus","displayName":"activeStatus","fieldType":"java.lang.Integer","dataType":"INT","xtype":"numberfield","fieldSize":"1","isPKey":false},{"fieldName":"txnAccessCode","name":"txnAccessCode","initParentAlias":"jobType","alias":"jobType.systemInfo.txnAccessCode","displayName":"txnAccessCode","fieldType":"java.lang.Integer","dataType":"INT","xtype":"textfield","fieldSize":"","isPKey":false}],"inputParams":[],"joinCondition":[]}#appfire#testOne#appfire#TESTONE#appfire#5FDB7C52-3FC5-4DB2-BA9C-4106E6D09662#appfire#GAXOUHJGYGAS0P2YI6VSIG#appfire#1#appfire#0#appfire#2016-04-13 18:27:18.0#appfire#0#appfire#2016-04-13 18:27:18.0#appfire#0#appfire#1#appfire#\N#appfire#0#appfirenewline#27B4B65A-17A8-4285-9A4B-02C703B843C6#appfire#SELECT zenHealth.monitorId,zenHealth.scheduledDateTime,zenHealth.serverInstanceId,zenHealth.serverIpAddress,zenHealth.totalClass,zenHealth.classLoaded, zenHealth.classUnloaded,zenHealth.gcCollectionTime,zenHealth.gcMemoryName, ((zenHealth.nonHeapCommitted/1024)/1024) AS nonHeapCommitted, (zenHealth.nonHeapUsed/1024)/1024 AS nonHeapUsed, (zenHealth.heapCommitted/1024)/1024 AS heapCommitted, (zenHealth.maxMemory/1024)/1024 AS maxMemory , 100 - ((zenHealth.usedMemory/zenHealth.totalMemory) * 100) AS freeMemory, (zenHealth.heapUsed/1024)/1024 AS heapUsed, (zenHealth.totalMemory/1024)/1024 AS totalMemory, zenHealth.startTime, zenHealth.upTime,zenHealth.cpuTime, (zenHealth.freePhysicalSize/1024)/1024 AS freePhysicalSize, (zenHealth.totalPhysicalMemorySize/1024)/1024 AS totalPhysicalMemorySize, zenHealth.cpuLoadTime, FUNCTION('ROUND',(zenHealth.freeSwapSize/1024)/1024) AS freeSwapSize, zenHealth.systemLoadAverage, FUNCTION('ROUND',(zenHealth.totalSwapSize/1024)/1024) AS totalSwapSize, zenHealth.availableProcessor,zenHealth.totalThread, zenHealth.threadPeakCount,zenHealth.threadStartedCount,zenHealth.threadDaemonCount,zenHealth.threadCpuTime, zenHealth.threadUserTime,zenHealth.cpuLoad, (zenHealth.usedMemory/zenHealth.totalMemory) * 100 AS usedMemory, (zenHealth.usedSwapSize/1024)/1024 AS usedSwapSize, (zenHealth.usedPhysicalMemory /1024)/1024 AS usedPhysicalMemory FROM ZenHealth AS zenHealth ORDER BY zenHealth.scheduledDateTime DESC#appfire#2#appfire#{"where":[],"fields":[{"fieldName":"monitorId","name":"monitorId","initParentAlias":"zenHealth","alias":"zenHealth.monitorId","displayName":"monitorId","fieldType":"java.lang.String","dataType":"VARCHAR","xtype":"numberfield","fieldSize":"11","isPKey":true},{"fieldName":"scheduledDateTime","name":"scheduledDateTime","initParentAlias":"zenHealth","alias":"zenHealth.scheduledDateTime","displayName":"scheduledDateTime","fieldType":"java.sql.Timestamp","dataType":"DATETIME","xtype":"datefield","fieldSize":"","isPKey":false},{"fieldName":"serverInstanceId","name":"serverInstanceId","initParentAlias":"zenHealth","alias":"zenHealth.serverInstanceId","displayName":"serverInstanceId","fieldType":"java.lang.Integer","dataType":"INT","xtype":"numberfield","fieldSize":"32","isPKey":false},{"fieldName":"serverIpAddress","name":"serverIpAddress","initParentAlias":"zenHealth","alias":"zenHealth.serverIpAddress","displayName":"serverIpAddress","fieldType":"java.lang.String","dataType":"VARCHAR","xtype":"textfield","fieldSize":"3","isPKey":false},{"fieldName":"totalClass","name":"totalClass","initParentAlias":"zenHealth","alias":"zenHealth.totalClass","displayName":"totalClass","fieldType":"java.lang.Integer","dataType":"INT","xtype":"textfield","fieldSize":"11","isPKey":false},{"fieldName":"classLoaded","name":"classLoaded","initParentAlias":"zenHealth","alias":"zenHealth.classLoaded","displayName":"classLoaded","fieldType":"java.lang.Integer","dataType":"INT","xtype":"textfield","fieldSize":"11","isPKey":false},{"fieldName":"classUnloaded","name":"classUnloaded","initParentAlias":"zenHealth","alias":"zenHealth.classUnloaded","displayName":"classUnloaded","fieldType":"java.lang.Integer","dataType":"INT","xtype":"combo","fieldSize":"11","isPKey":false},{"fieldName":"gcCollectionTime","name":"gcCollectionTime","initParentAlias":"zenHealth","alias":"zenHealth.gcCollectionTime","displayName":"gcCollectionTime","fieldType":"java.lang.Integer","dataType":"INT","xtype":"numberfield","fieldSize":"11","isPKey":false},{"fieldName":"gcMemoryName","name":"gcMemoryName","initParentAlias":"zenHealth","alias":"zenHealth.gcMemoryName","displayName":"gcMemoryName","fieldType":"java.lang.String","dataType":"VARCHAR","xtype":"textfield","fieldSize":"256","isPKey":false},{"fieldName":"nonHeapCommitted","name":"nonHeapCommitted","initParentAlias":"zenHealth","alias":"zenHealth.nonHeapCommitted","displayName":"nonHeapCommitted","fieldType":"java.lang.Double","dataType":"DOUBLE","xtype":"numberfield","fieldSize":"","isPKey":false},{"fieldName":"nonHeapUsed","name":"nonHeapUsed","initParentAlias":"zenHealth","alias":"zenHealth.nonHeapUsed","displayName":"nonHeapUsed","fieldType":"java.lang.Double","dataType":"DOUBLE","xtype":"numberfield","fieldSize":"","isPKey":false},{"fieldName":"heapCommitted","name":"heapCommitted","initParentAlias":"zenHealth","alias":"zenHealth.heapCommitted","displayName":"heapCommitted","fieldType":"java.lang.Double","dataType":"DOUBLE","xtype":"numberfield","fieldSize":"","isPKey":false},{"fieldName":"maxMemory","name":"maxMemory","initParentAlias":"zenHealth","alias":"zenHealth.maxMemory","displayName":"maxMemory","fieldType":"java.lang.Double","dataType":"DOUBLE","xtype":"numberfield","fieldSize":"","isPKey":false},{"fieldName":"freeMemory","name":"freeMemory","initParentAlias":"zenHealth","alias":"zenHealth.freeMemory","displayName":"freeMemory","fieldType":"java.lang.Double","dataType":"DOUBLE","xtype":"numberfield","fieldSize":"","isPKey":false},{"fieldName":"heapUsed","name":"heapUsed","initParentAlias":"zenHealth","alias":"zenHealth.heapUsed","displayName":"heapUsed","fieldType":"java.lang.Double","dataType":"DOUBLE","xtype":"numberfield","fieldSize":"","isPKey":false},{"fieldName":"totalMemory","name":"totalMemory","initParentAlias":"zenHealth","alias":"zenHealth.totalMemory","displayName":"totalMemry","fieldType":"java.lang.Double","dataType":"DOUBLE","xtype":"numberfield","fieldSize":"","isPKey":false},{"fieldName":"startTime","name":"startTime","initParentAlias":"zenHealth","alias":"zenHealth.startTime","displayName":"startTime","fieldType":"java.sql.Timestamp","dataType":"DATETIME","xtype":"datefield","fieldSize":"","isPKey":false},{"fieldName":"upTime","name":"upTime","initParentAlias":"zenHealth","alias":"zenHealth.upTime","displayName":"upTime","fieldType":"java.lang.Integer","dataType":"INT","xtype":"numberfield","fieldSize":"11","isPKey":false},{"fieldName":"cpuTime","name":"cpuTime","initParentAlias":"zenHealth","alias":"zenHealth.cpuTime","displayName":"cpuTime","fieldType":"java.lang.Double","dataType":"DOUBLE","xtype":"numberfield","fieldSize":"","isPKey":false},{"fieldName":"freePhysicalSize","name":"freePhysicalSize","initParentAlias":"zenHealth","alias":"zenHealth.freePhysicalSize","displayName":"freePhysicalSize","fieldType":"java.lang.Double","dataType":"DOUBLE","xtype":"numberfield","fieldSize":"","isPKey":false},{"fieldName":"totalPhysicalMemorySize","name":"totalPhysicalMemorySize","initParentAlias":"zenHealth","alias":"zenHealth.totalPhysicalMemorySize","displayName":"totalPhysicalMemorSize","fieldType":"java.lang.Double","dataType":"DOUBLE","xtype":"numberfield","fieldSize":"","isPKey":false},{"fieldName":"cpuLoadTime","name":"cpuLoadTime","initParentAlias":"zenHealth","alias":"zenHealth.cpuLoadTime","displayName":"cpuLoadTime","fieldType":"java.lang.Double","dataType":"DOUBLE","xtype":"numberfield","fieldSize":"","isPKey":false},{"fieldName":"freeSwapSize","name":"freeSwapSize","initParentAlias":"zenHealth","alias":"zenHealth.freeSwapSize","displayName":"freeSwapSize","fieldType":"java.lang.Double","dataType":"DOUBLE","xtype":"numberfield","fieldSize":"","isPKey":false},{"fieldName":"systemLoadAverage","name":"systemLoadAverage","initParentAlias":"zenHealth","alias":"zenHealth.systemLoadAverage","displayName":"systemLoadAverage","fieldType":"java.lang.Double","dataType":"DOUBLE","xtype":"numberfield","fieldSize":"","isPKey":false},{"fieldName":"totalSwapSize","name":"totalSwapSize","initParentAlias":"zenHealth","alias":"zenHealth.totalSwapSize","displayName":"totalSwapSize","fieldType":"java.lang.Double","dataType":"DOUBLE","xtype":"numberfield","fieldSize":"","isPKey":false},{"fieldName":"availableProcessor","name":"availableProcessor","initParentAlias":"zenHealth","alias":"zenHealth.availableProcessor","displayName":"availableProcessor","fieldType":"java.lang.Double","dataType":"DOUBLE","xtype":"numberfield","fieldSize":"","isPKey":false},{"fieldName":"totalThread","name":"totalThread","initParentAlias":"zenHealth","alias":"zenHealth.totalThread","displayName":"totalThread","fieldType":"java.lang.Double","dataType":"DOUBLE","xtype":"numberfield","fieldSize":"","isPKey":false},{"fieldName":"threadPeakCount","name":"threadPeakCount","initParentAlias":"zenHealth","alias":"zenHealth.threadPeakCount","displayName":"threadPeakCount","fieldType":"java.lang.Double","dataType":"DOUBLE","xtype":"numberfield","fieldSize":"","isPKey":false},{"fieldName":"threadStartedCount","name":"threadStartedCount","initParentAlias":"zenHealth","alias":"zenHealth.threadStartedCount","displayName":"threadStartedCount","fieldType":"java.lang.Double","dataType":"DOUBLE","xtype":"numberfield","fieldSize":"","isPKey":false},{"fieldName":"threadDaemonCount","name":"threadDaemonCount","initParentAlias":"zenHealth","alias":"zenHealth.threadDaemonCount","displayName":"threadDaemonCount","fieldType":"java.lang.Double","dataType":"DOUBLE","xtype":"numberfield","fieldSize":"","isPKey":false},{"fieldName":"threadCpuTime","name":"threadCpuTime","initParentAlias":"zenHealth","alias":"zenHealth.threadCpuTime","displayName":"threadCpuTime","fieldType":"java.lang.Double","dataType":"DOUBLE","xtype":"numberfield","fieldSize":"","isPKey":false},{"fieldName":"threadUserTime","name":"threadUserTime","initParentAlias":"zenHealth","alias":"zenHealth.threadUserTime","displayName":"threadUserTime","fieldType":"java.lang.String","dataType":"VARCHAR","xtype":"textfield","fieldSize":"256","isPKey":false},{"fieldName":"cpuLoad","name":"cpuLoad","initParentAlias":"zenHealth","alias":"zenHealth.cpuLoad","displayName":"cpuLoad","fieldType":"java.lang.Double","dataType":"DOUBLE","xtype":"numberfield","fieldSize":"","isPKey":false},{"fieldName":"usedMemory","name":"usedMemory","initParentAlias":"zenHealth","alias":"zenHealth.usedMemory","displayName":"usedMemory","fieldType":"java.lang.Double","dataType":"DOUBLE","xtype":"numberfield","fieldSize":"","isPKey":false},{"fieldName":"usedSwapSize","name":"usedSwapSize","initParentAlias":"zenHealth","alias":"zenHealth.usedSwapSize","displayName":"usedSwapSize","fieldType":"java.lang.Double","dataType":"DOUBLE","xtype":"numberfield","fieldSize":"","isPKey":false},{"fieldName":"usedPhysicalMemory","name":"usedPhysicalMemory","initParentAlias":"zenHealth","alias":"zenHealth.usedPhysicalMemory","displayName":"usedPhysicalMemory","fieldType":"java.lang.Double","dataType":"DOUBLE","xtype":"numberfield","fieldSize":"","isPKey":false}],"inputParams":[]}#appfire#App Server Memory Usage#appfire#APP SERVER MEMORY USAGE#appfire#5FDB7C52-3FC5-4DB2-BA9C-4106E6D09662#appfire#GAXOUHJGYGAS0P2YI6VSIG#appfire#1#appfire#0#appfire#2016-04-13 18:27:18.0#appfire#0#appfire#2016-04-13 18:27:18.0#appfire#0#appfire#1#appfire#\N#appfire#0#appfirenewline#67F9C8AA-DB19-43CF-8BD2-F3EB57EFF9FB#appfire#SELECT salStrucFinWise.yearValue,salStrucFinWise.basic,salStrucFinWise.hra,salStrucFinWise.convenceAllowance,salStrucFinWise.medicalAllowance,salStrucFinWise.educationalAllowance,salStrucFinWise.perk,salStrucFinWise.totalCTC,salStrucFinWise.takeHome,salStrucFinWise.salaryDrawn,salStrucFinWise.taxableAmount,salStrucFinWise.totalTax,empInformation.coreContacts.firstName,empInformation.coreContacts.lastName FROM SalStrucFinWise AS salStrucFinWise,EmpInformation AS empInformation 
 WHERE 
  salStrucFinWise.empId = empInformation.empId 
 AND salStrucFinWise.yearValue = :yearValue 
 
 
 #appfire#2#appfire#{"where":[{"_connIndex":"901907nd-nm81-492n-033a-36a1mba03c41","_parentIndex":"isWhereRoot","left":{"name":"empId","value":"salStrucFinWise.empId","valueType":1,"dataType":"VARCHAR","displayName":"Employee","widget":"combo","alias":"SalStrucFinWise","placeHolder":"empId","fieldType":"isReference","entConfig":{"name":"SalStrucFinWise","id":"45D1A2BE-6D36-4854-B815-D63E336A4884","type":"T","alias":"salStrucFinWise","initParentAlias":"salStrucFinWise"},"fieldConfig":{"fieldName":"empId","name":"empId","initParentAlias":"salStrucFinWise","alias":"salStrucFinWise.empId","displayName":"Employee","fieldType":"java.lang.String","dataType":"VARCHAR","xtype":"combo","fieldSize":"256","isPKey":false}},"operator":"=","right":{"name":"empId","value":"empInformation.empId","valueType":1,"dataType":"VARCHAR","displayName":"Employee Id","widget":"textfield","alias":"EmpInformation","placeHolder":"empId","fieldType":"isReference","entConfig":{"name":"EmpInformation","id":"D23D0801-9EED-4DD7-B695-BB526DA1AF48","type":"T","alias":"empInformation","initParentAlias":"empInformation"},"fieldConfig":{"fieldName":"empId","name":"empId","initParentAlias":"empInformation","alias":"empInformation.empId","displayName":"Employee Id","fieldType":"java.lang.String","dataType":"VARCHAR","xtype":"textfield","fieldSize":"256","isPKey":true}}},{"relation":"AND"},{"_connIndex":"5431n81n-02a7-49m4-0a89-bm489d6d80c0","_parentIndex":"isWhereRoot","left":{"name":"yearValue","value":"salStrucFinWise.yearValue","valueType":1,"dataType":"INT","displayName":"Year","widget":"numberfield","alias":"SalStrucFinWise","placeHolder":"yearValue","fieldType":"isReference","entConfig":{"name":"SalStrucFinWise","id":"45D1A2BE-6D36-4854-B815-D63E336A4884","type":"T","alias":"salStrucFinWise","initParentAlias":"salStrucFinWise"},"fieldConfig":{"fieldName":"yearValue","name":"yearValue","initParentAlias":"salStrucFinWise","alias":"salStrucFinWise.yearValue","displayName":"Year","fieldType":"java.lang.Integer","dataType":"INT","xtype":"numberfield","fieldSize":"10","isPKey":false}},"operator":"=","right":{"name":"yearValue","value":":yearValue","valueType":2,"dataType":"INT","displayName":"Year","widget":"numberfield","alias":"SalStrucFinWise","placeHolder":"yearValue","fieldType":"isDynamic","entConfig":{"name":"SalStrucFinWise","id":"45D1A2BE-6D36-4854-B815-D63E336A4884","type":"T","alias":"salStrucFinWise","initParentAlias":"salStrucFinWise"},"fieldConfig":{"fieldName":"yearValue","name":"yearValue","initParentAlias":"salStrucFinWise","alias":"salStrucFinWise.yearValue","displayName":"Year","fieldType":"java.lang.Integer","dataType":"INT","xtype":"numberfield","fieldSize":"10","isPKey":false}}}],"fields":[{"fieldName":"yearValue","name":"yearValue","initParentAlias":"salStrucFinWise","alias":"salStrucFinWise.yearValue","displayName":"Year","fieldType":"java.lang.Integer","dataType":"INT","xtype":"numberfield","fieldSize":"10","isPKey":false},{"fieldName":"basic","name":"basic","initParentAlias":"salStrucFinWise","alias":"salStrucFinWise.basic","displayName":"Basic","fieldType":"java.lang.Double","dataType":"DOUBLE","xtype":"numberfield","fieldSize":"21,2","isPKey":false},{"fieldName":"hra","name":"hra","initParentAlias":"salStrucFinWise","alias":"salStrucFinWise.hra","displayName":"HRA","fieldType":"java.lang.Double","dataType":"DOUBLE","xtype":"numberfield","fieldSize":"21,2","isPKey":false},{"fieldName":"convenceAllowance","name":"convenceAllowance","initParentAlias":"salStrucFinWise","alias":"salStrucFinWise.convenceAllowance","displayName":"Convence Allowance","fieldType":"java.lang.Double","dataType":"DOUBLE","xtype":"numberfield","fieldSize":"21,2","isPKey":false},{"fieldName":"medicalAllowance","name":"medicalAllowance","initParentAlias":"salStrucFinWise","alias":"salStrucFinWise.medicalAllowance","displayName":"Medical Allowance","fieldType":"java.lang.Double","dataType":"DOUBLE","xtype":"numberfield","fieldSize":"21,2","isPKey":false},{"fieldName":"educationalAllowance","name":"educationalAllowance","initParentAlias":"salStrucFinWise","alias":"salStrucFinWise.educationalAllowance","displayName":"Educational Allowance","fieldType":"java.lang.Double","dataType":"DOUBLE","xtype":"numberfield","fieldSize":"21,2","isPKey":false},{"fieldName":"perk","name":"perk","initParentAlias":"salStrucFinWise","alias":"salStrucFinWise.perk","displayName":"Perk","fieldType":"java.lang.Double","dataType":"DOUBLE","xtype":"numberfield","fieldSize":"21,2","isPKey":false},{"fieldName":"totalCTC","name":"totalCTC","initParentAlias":"salStrucFinWise","alias":"salStrucFinWise.totalCTC","displayName":"Total CTC","fieldType":"java.lang.Double","dataType":"DOUBLE","xtype":"numberfield","fieldSize":"21,2","isPKey":false},{"fieldName":"takeHome","name":"takeHome","initParentAlias":"salStrucFinWise","alias":"salStrucFinWise.takeHome","displayName":"Take Home","fieldType":"java.lang.Double","dataType":"DOUBLE","xtype":"numberfield","fieldSize":"21,2","isPKey":false},{"fieldName":"salaryDrawn","name":"salaryDrawn","initParentAlias":"salStrucFinWise","alias":"salStrucFinWise.salaryDrawn","displayName":"Salary Drawn","fieldType":"java.lang.Double","dataType":"DOUBLE","xtype":"numberfield","fieldSize":"21,2","isPKey":false},{"fieldName":"taxableAmount","name":"taxableAmount","initParentAlias":"salStrucFinWise","alias":"salStrucFinWise.taxableAmount","displayName":"Taxable Amount","fieldType":"java.lang.Double","dataType":"DOUBLE","xtype":"numberfield","fieldSize":"21,2","isPKey":false},{"fieldName":"totalTax","name":"totalTax","initParentAlias":"salStrucFinWise","alias":"salStrucFinWise.totalTax","displayName":"Total Tax","fieldType":"java.lang.Double","dataType":"DOUBLE","xtype":"numberfield","fieldSize":"21,2","isPKey":false},{"fieldName":"firstName","name":"firstName","initParentAlias":"empInformation","alias":"empInformation.coreContacts.firstName","displayName":"First Name","fieldType":"java.lang.String","dataType":"VARCHAR","xtype":"textfield","fieldSize":"256","isPKey":false},{"fieldName":"lastName","name":"lastName","initParentAlias":"empInformation","alias":"empInformation.coreContacts.lastName","displayName":"Last Name","fieldType":"java.lang.String","dataType":"VARCHAR","xtype":"textfield","fieldSize":"256","isPKey":false}],"inputParams":[{"dataType":"INT","placeHolder":"yearValue","alias":"salStrucFinWise.yearValue","fieldType":"java.lang.Integer"}],"joinCondition":[]}#appfire#SalaryQuery#appfire#SALARYQUERY#appfire#5FDB7C52-3FC5-4DB2-BA9C-4106E6D09662#appfire#GAXOUHJGYGAS0P2YI6VSIG#appfire#1#appfire#0#appfire#2016-04-13 18:27:18.0#appfire#0#appfire#2016-04-13 18:27:18.0#appfire#0#appfire#1#appfire#\N#appfire#0#appfirenewline#729E3680-1B06-4CB9-AF3D-C57FEE6565E6#appfire#select e from SessionData e where e.systemInfo.activeStatus=1 and e.appSessionId=:appSessionId#appfire#1#appfire#\N#appfire#SessionData.findByAppSessionId#appfire#SESSIONDATA.FINDBYAPPSESSIONID#appfire#\N#appfire#GAXOUHJGYGAS0P2YI6VSIG#appfire#1#appfire#0#appfire#2016-04-13 18:27:18.0#appfire#0#appfire#2016-04-13 18:27:18.0#appfire#0#appfire#1#appfire#\N#appfire#0#appfirenewline#A4F57949-CC55-444E-B03C-9DF0DC67F135#appfire#SELECT zenHealthStatus.healthId,zenHealthStatus.scheduledDateTime,zenHealthStatus.serverInstanceId,zenHealthStatus.serverIpAddress, FUNCTION('ROUND',100 - (zenHealthStatus.usedSpace/zenHealthStatus.totalSpace )* 100) AS freeSpace, FUNCTION('ROUND',(zenHealthStatus.usedSpace/zenHealthStatus.totalSpace )* 100 ) AS usedSpace, FUNCTION('ROUND',(zenHealthStatus.totalSpace/1024)/1024) AS totalSpace, zenHealthStatus.status FROM ZenHealthStatus AS zenHealthStatus ORDER BY zenHealthStatus.scheduledDateTime DESC#appfire#2#appfire#{"where":[],"fields":[{"fieldName":"healthId","name":"healthId","initParentAlias":"zenHealthStatus","alias":"zenHealthStatus.healthId","displayName":"healthId","fieldType":"java.lang.String","dataType":"VACHAR","xtype":"numberfield","fieldSize":"11","isPKey":true},{"fieldName":"scheduledDateTime","name":"scheduledDateTime","initParentAlias":"zenHealthStatus","alias":"zenHealthStatus.scheduledDateTime","displayName":"scheduledDateTime","fieldType":"java.sql.Timestamp","dataType":"DATETIME","xtype":"datefield","fieldSize":"","isPKey":false},{"fieldName":"serverInstanceId","name":"serverInstanceId","initParentAlias":"zenHealthStatus","alias":"zenHealthStatus.serverInstanceId","displayName":"serverInstanceId","fieldType":"java.lang.Integer","dataType":"INT","xtype":"textfield","fieldSize":"3","isPKey":false},{"fieldName":"serverIpAddress","name":"serverIpAddress","initParentAlias":"zenHealthStatus","alias":"zenHealthStatus.serverIpAddress","displayName":"serverIpAddress","fieldType":"java.lang.String","dataType":"VARCHAR","xtype":"textfield","fieldSize":"3","isPKey":false},{"fieldName":"freeSpace","name":"freeSpace","initParentAlias":"zenHealthStatus","alias":"zenHealthStatus.freeSpace","displayName":"free_Space","fieldType":"java.lang.Double","dataType":"DOUBLE","xtype":"numberfield","fieldSize":"","isPKey":false},{"fieldName":"usedSpace","name":"usedSpace","initParentAlias":"zenHealthStatus","alias":"zenHealthStatus.usedSpace","displayName":"usedSpace","fieldType":"java.lang.Double","dataType":"DOUBLE","xtype":"numberfield","fieldSize":"","isPKey":false},{"fieldName":"totalSpace","name":"totalSpace","initParentAlias":"zenHealthStatus","alias":"zenHealthStatus.totalSpace","displayName":"totalSpace","fieldType":"java.lang.Double","dataType":"DOUBLE","xtype":"numberfield","fieldSize":"","isPKey":false},{"fieldName":"status","name":"status","initParentAlias":"zenHealthStatus","alias":"zenHealthStatus.status","displayName":"status","fieldType":"java.lang.String","dataType":"VARCHAR","xtype":"textfield","fieldSize":"256","isPKey":false}],"inputParams":[]}#appfire#System Memory Usage#appfire#SYSTEM MEMORY USAGE#appfire#5FDB7C52-3FC5-4DB2-BA9C-4106E6D09662#appfire#GAXOUHJGYGAS0P2YI6VSIG#appfire#1#appfire#0#appfire#2016-04-13 18:27:18.0#appfire#0#appfire#2016-04-13 18:27:18.0#appfire#0#appfire#1#appfire#\N#appfire#0#appfirenewline#B3CEB472-FE93-4A96-9E71-A1BD4052482B#appfire#select e from SessionData e where e.systemInfo.activeStatus=1 and e.appSessionId=:appSessionId and e.sessionKey =:sessionKey#appfire#1#appfire#\N#appfire#findBySessionKey#appfire#FINDBYSESSIONKEY#appfire#\N#appfire#GAXOUHJGYGAS0P2YI6VSIG#appfire#1#appfire#0#appfire#2016-04-13 18:27:18.0#appfire#0#appfire#2016-04-13 18:27:18.0#appfire#0#appfire#1#appfire#\N#appfire#0#appfirenewline#BDB70792-2F8A-4DFA-A20A-563C9B9A79E0#appfire#SELECT u FROM Login u WHERE u.systemInfo.activeStatus=1 AND u.user.userId NOT IN (SELECT ub.userId FROM UserRoleBridge ub)#appfire#1#appfire#\N#appfire#findUnMappedUser#appfire#FINDUNMAPPEDUSER#appfire#5FDB7C52-3FC5-4DB2-BA9C-4106E6D09662#appfire#GAXOUHJGYGAS0P2YI6VSIG#appfire#1#appfire#0#appfire#2016-04-13 18:27:18.0#appfire#0#appfire#2016-04-13 18:27:18.0#appfire#0#appfire#1#appfire#\N#appfire#0#appfirenewline#C855228C-EE98-4266-8331-C184338AE888#appfire#SELECT jobType FROM JobType AS jobType 
 
 
 
 #appfire#1#appfire#{"where":[],"fields":[{"fieldName":"jobTypeCode","name":"jobTypeCode","initParentAlias":"jobType","alias":"jobType.jobTypeCode","displayName":"JobType Code","fieldType":"java.lang.String","dataType":"VARCHAR","xtype":"textfield","fieldSize":"256","isPKey":true},{"fieldName":"jobDescOne","name":"jobDescOne","initParentAlias":"jobType","alias":"jobType.jobDescOne","displayName":"Job Type","fieldType":"java.lang.String","dataType":"VARCHAR","xtype":"textfield","fieldSize":"256","isPKey":false},{"fieldName":"versionId","name":"versionId","initParentAlias":"jobType","alias":"jobType.versionId","displayName":"versionId","fieldType":"java.lang.Integer","dataType":"INT","xtype":"numberfield","fieldSize":"11","isPKey":false},{"fieldName":"createdBy","name":"createdBy","initParentAlias":"jobType","alias":"jobType.entityAudit.createdBy","displayName":"createdBy","fieldType":"java.lang.String","dataType":"VARCHAR","xtype":"textfield","fieldSize":"64","isPKey":false},{"fieldName":"createdDate","name":"createdDate","initParentAlias":"jobType","alias":"jobType.entityAudit.createdDate","displayName":"createdDate","fieldType":"java.sql.Timestamp","dataType":"TIMESTAMP","xtype":"datefield","fieldSize":"","isPKey":false},{"fieldName":"updatedBy","name":"updatedBy","initParentAlias":"jobType","alias":"jobType.entityAudit.updatedBy","displayName":"updatedBy","fieldType":"java.lang.String","dataType":"VARCHAR","xtype":"textfield","fieldSize":"64","isPKey":false},{"fieldName":"updatedDate","name":"updatedDate","initParentAlias":"jobType","alias":"jobType.entityAudit.updatedDate","displayName":"updatedDate","fieldType":"java.sql.Timestamp","dataType":"TIMESTAMP","xtype":"datefield","fieldSize":"","isPKey":false},{"fieldName":"activeStatus","name":"activeStatus","initParentAlias":"jobType","alias":"jobType.systemInfo.activeStatus","displayName":"activeStatus","fieldType":"java.lang.Integer","dataType":"INT","xtype":"numberfield","fieldSize":"1","isPKey":false},{"fieldName":"txnAccessCode","name":"txnAccessCode","initParentAlias":"jobType","alias":"jobType.systemInfo.txnAccessCode","displayName":"txnAccessCode","fieldType":"java.lang.Integer","dataType":"INT","xtype":"textfield","fieldSize":"","isPKey":false}],"inputParams":[],"joinCondition":[]}#appfire#testTwo#appfire#TESTTWO#appfire#5FDB7C52-3FC5-4DB2-BA9C-4106E6D09662#appfire#GAXOUHJGYGAS0P2YI6VSIG#appfire#1#appfire#0#appfire#2016-04-13 18:27:18.0#appfire#0#appfire#2016-04-13 18:27:18.0#appfire#0#appfire#1#appfire#\N#appfire#0#appfirenewline#E897B753-C272-4B8B-83E4-590204B8E614#appfire#SELECT u FROM Login u WHERE u.systemInfo.activeStatus=1 AND u.user.userId IN (SELECT ub.userId FROM UserRoleBridge ub)#appfire#1#appfire#\N#appfire#findMappedUser#appfire#FINDMAPPEDUSER#appfire#5FDB7C52-3FC5-4DB2-BA9C-4106E6D09662#appfire#GAXOUHJGYGAS0P2YI6VSIG#appfire#1#appfire#0#appfire#2016-04-13 18:27:18.0#appfire#0#appfire#2016-04-13 18:27:18.0#appfire#0#appfire#1#appfire#\N#appfire#0#appfirenewline#FD476645-9228-4FDA-B067-9AAC3D8CEBFA#appfire#delete from SessionData e where e.systemInfo.activeStatus=1 and e.appSessionId=:appSessionId#appfire#1#appfire#\N#appfire#deleteAllSessionData#appfire#DELETEALLSESSIONDATA#appfire#\N#appfire#GAXOUHJGYGAS0P2YI6VSIG#appfire#1#appfire#0#appfire#2016-04-13 18:27:18.0#appfire#0#appfire#2016-04-13 18:27:18.0#appfire#0#appfire#1#appfire#\N#appfire#0